"model","Batch","top_k","l2_coef","l2der_coef","update_no","batch_index","top_vars","drift_triggered_by","accuracy"
"rf",10,1,1,1,0,0,"feature_4",NA,1.66392210563149
"rf",10,1,1,1,1,1,"feature_4","feature_4",1.72493740722131
"rf",10,2,1,1,0,0,"feature_4;feature_2",NA,1.66392210563149
"rf",10,2,1,1,1,1,"feature_4;feature_2","feature_4",1.72493740722131
"rf",10,2,1,1,2,2,"feature_4;feature_2","feature_2",1.60258343477935
"rf",10,2,1,1,3,3,"feature_4;feature_2","feature_2",1.55218620775164
"rf",10,2,1,1,4,5,"feature_4;feature_2","feature_4",1.59357090153552
"rf",10,2,1,1,5,6,"feature_4;feature_2","feature_4;feature_2",1.48612267824747
"rf",10,2,1,1,6,7,"feature_4;feature_2","feature_4;feature_2",1.49182445048599
"rf",10,2,1,1,7,8,"feature_4;feature_2","feature_4",1.50059498881886
"rf",10,2,1,1,8,9,"feature_4;feature_1","feature_4",4.69000526977918
"rf",10,2,1,1,9,10,"feature_4;feature_1","feature_4",2.83764473532291
"rf",10,3,1,1,0,0,"feature_4;feature_2;feature_1",NA,1.66392210563149
"rf",10,3,1,1,1,1,"feature_4;feature_2;feature_1","feature_4",1.72493740722131
"rf",10,3,1,1,2,2,"feature_4;feature_2;feature_1","feature_2;feature_1",1.60258343477935
"rf",10,3,1,1,3,3,"feature_4;feature_2;feature_1","feature_2",1.55218620775164
"rf",10,3,1,1,4,4,"feature_4;feature_2;feature_1","feature_1",1.60405542905576
"rf",10,3,1,1,5,5,"feature_4;feature_2;feature_1","feature_4",1.58669750196886
"rf",10,3,1,1,6,6,"feature_4;feature_2;feature_1","feature_4",1.45065337528079
"rf",10,3,1,1,7,7,"feature_4;feature_2;feature_1","feature_1",1.48221858905538
"linear",10,1,1,1,0,0,"feature_4",NA,2.64322320715957
"linear",10,1,1,1,1,1,"feature_4","feature_4",2.6500815917433
"linear",10,1,1,1,2,5,"feature_4","feature_4",2.74701964694994
"linear",10,1,1,1,3,6,"feature_4","feature_4",2.53290588955084
"linear",10,1,1,1,4,7,"feature_4","feature_4",2.59478670406437
"linear",10,2,1,1,0,0,"feature_4;feature_2",NA,2.64322320715957
"linear",10,2,1,1,1,1,"feature_4;feature_2","feature_4;feature_2",2.6500815917433
"linear",10,2,1,1,2,3,"feature_4;feature_2","feature_2",2.69312408142831
"linear",10,2,1,1,3,5,"feature_4;feature_2","feature_4",2.74847956375722
"linear",10,2,1,1,4,6,"feature_4;feature_2","feature_4",2.53301864749089
"linear",10,2,1,1,5,7,"feature_4;feature_2","feature_2",2.59336394871883
"linear",10,3,1,1,0,0,"feature_4;feature_2;feature_1",NA,2.64322320715957
"linear",10,3,1,1,1,1,"feature_4;feature_2;feature_1","feature_4;feature_2",2.6500815917433
"linear",10,3,1,1,2,3,"feature_4;feature_2;feature_1","feature_2;feature_1",2.69312408142831
"linear",10,3,1,1,3,4,"feature_4;feature_2;feature_1","feature_1",2.6302816079425
"linear",10,3,1,1,4,5,"feature_4;feature_2;feature_1","feature_4;feature_1",2.74957394701116
"linear",10,3,1,1,5,7,"feature_4;feature_2;feature_1","feature_2;feature_1",2.59603154467039
"linear",10,3,1,1,6,10,"feature_4;feature_1;feature_2","feature_1",3.19872503418303
"tree",10,1,1,1,0,0,"feature_4",NA,3.02539459492964
"tree",10,1,1,1,1,4,"feature_4","feature_4",3.04526806431905
"tree",10,2,1,1,0,0,"feature_4;feature_2",NA,3.02539459492964
"tree",10,2,1,1,1,3,"feature_4;feature_2","feature_2",3.01623177010616
"tree",10,2,1,1,2,5,"feature_4;feature_2","feature_4",3.11932787742765
"tree",10,2,1,1,3,6,"feature_4;feature_2","feature_2",3.15220908307813
"tree",10,2,1,1,4,8,"feature_4;feature_2","feature_4;feature_2",3.16892096748663
"tree",10,3,1,1,0,0,"feature_4;feature_2;feature_1",NA,3.02539459492964
"tree",10,3,1,1,1,3,"feature_4;feature_2;feature_1","feature_2;feature_1",3.01623177010616
"tree",10,3,1,1,2,4,"feature_4;feature_2;feature_1","feature_1",3.17333856119638
"tree",10,3,1,1,3,5,"feature_4;feature_2;feature_1","feature_4",3.11329210125023
"tree",10,3,1,1,4,6,"feature_4;feature_2;feature_1","feature_1",3.12152408277193
"tree",10,3,1,1,5,7,"feature_4;feature_2;feature_1","feature_4;feature_2;feature_1",3.1254057878029
"tree",10,3,1,1,6,8,"feature_4;feature_2;feature_1","feature_4;feature_1",3.14161669754178
"tree",10,3,1,1,7,9,"feature_4;feature_1;feature_2","feature_1",4.69639932119858
"tree",10,3,1,1,8,10,"feature_4;feature_1;feature_2","feature_4;feature_1",3.6771544391717
"rf",20,1,1,1,0,0,"feature_4",NA,1.80744292662707
"rf",20,1,1,1,1,1,"feature_4","feature_4",1.82149946422386
"rf",20,1,1,1,2,2,"feature_4","feature_4",1.70729098307797
"rf",20,1,1,1,3,5,"feature_4","feature_4",1.7081759097018
"rf",20,1,1,1,4,10,"feature_4","feature_4",1.67261215936853
"rf",20,1,1,1,5,11,"feature_4","feature_4",1.67740354417924
"rf",20,1,1,1,6,12,"feature_4","feature_4",1.61566542373745
"rf",20,1,1,1,7,13,"feature_4","feature_4",1.56646753085311
"rf",20,1,1,1,8,14,"feature_4","feature_4",1.50971430814749
"rf",20,1,1,1,9,15,"feature_4","feature_4",1.56794683847111
"rf",20,1,1,1,10,16,"feature_4","feature_4",1.54585306649069
"rf",20,2,1,1,0,0,"feature_4;feature_2",NA,1.80744292662707
"rf",20,2,1,1,1,1,"feature_4;feature_2","feature_4",1.82149946422386
"rf",20,2,1,1,2,2,"feature_4;feature_2","feature_4;feature_2",1.70729098307797
"rf",20,2,1,1,3,5,"feature_4;feature_2","feature_4",1.7081759097018
"rf",20,2,1,1,4,7,"feature_4;feature_2","feature_2",1.59459814136501
"rf",20,2,1,1,5,8,"feature_4;feature_2","feature_4",1.55367791343329
"rf",20,2,1,1,6,9,"feature_4;feature_2","feature_4;feature_2",1.63632733110552
"rf",20,2,1,1,7,10,"feature_4;feature_2","feature_4",1.64573103424805
"rf",20,2,1,1,8,11,"feature_4;feature_2","feature_2",1.63432486360461
"rf",20,2,1,1,9,12,"feature_4;feature_2","feature_4;feature_2",1.56989976974257
"rf",20,2,1,1,10,13,"feature_4;feature_2","feature_4",1.52969740714495
"rf",20,2,1,1,11,14,"feature_4;feature_2","feature_4;feature_2",1.49722314885332
"rf",20,2,1,1,12,15,"feature_4;feature_2","feature_4",1.51220934195194
"rf",20,2,1,1,13,16,"feature_4;feature_2","feature_2",1.53267912903781
"rf",20,2,1,1,14,17,"feature_4;feature_2","feature_4;feature_2",2.14323410143157
"rf",20,2,1,1,15,18,"feature_4;feature_1","feature_2",4.94418649706218
"rf",20,2,1,1,16,19,"feature_4;feature_1","feature_1",4.34096764512102
"rf",20,3,1,1,0,0,"feature_4;feature_2;feature_1",NA,1.80744292662707
"rf",20,3,1,1,1,1,"feature_4;feature_2;feature_1","feature_4",1.82149946422386
"rf",20,3,1,1,2,2,"feature_4;feature_2;feature_1","feature_4;feature_2",1.70729098307797
"rf",20,3,1,1,3,4,"feature_4;feature_2;feature_1","feature_1",1.68004301246548
"rf",20,3,1,1,4,5,"feature_4;feature_2;feature_1","feature_4;feature_2;feature_1",1.6887537020607
"rf",20,3,1,1,5,6,"feature_4;feature_2;feature_1","feature_4;feature_2",1.65695179800177
"rf",20,3,1,1,6,8,"feature_4;feature_2;feature_1","feature_2",1.56415293016035
"rf",20,3,1,1,7,9,"feature_4;feature_2;feature_1","feature_4;feature_2;feature_1",1.64422313683848
"rf",20,3,1,1,8,10,"feature_4;feature_2;feature_1","feature_2;feature_1",1.5799326486977
"rf",20,3,1,1,9,11,"feature_4;feature_2;feature_1","feature_2",1.63211289887923
"rf",20,3,1,1,10,12,"feature_4;feature_2;feature_1","feature_4;feature_2;feature_1",1.55626740341693
"rf",20,3,1,1,11,13,"feature_4;feature_2;feature_1","feature_2;feature_1",1.49752962264625
"rf",20,3,1,1,12,14,"feature_4;feature_2;feature_1","feature_4;feature_2",1.49788499771127
"rf",20,3,1,1,13,15,"feature_4;feature_2;feature_1","feature_4;feature_2;feature_1",1.49743913202978
"rf",20,3,1,1,14,16,"feature_4;feature_2;feature_1","feature_4;feature_1",1.50447095320282
"rf",20,3,1,1,15,17,"feature_4;feature_2;feature_1","feature_4",2.15745320780356
"rf",20,3,1,1,16,18,"feature_4;feature_1;feature_2","feature_2;feature_1",4.94724220726701
"rf",20,3,1,1,17,20,"feature_4;feature_1;feature_2","feature_1",1.57138065973087
"linear",20,1,1,1,0,0,"feature_4",NA,2.55908541587481
"linear",20,1,1,1,1,1,"feature_4","feature_4",2.71257448383964
"linear",20,2,1,1,0,0,"feature_4;feature_2",NA,2.55908541587481
"linear",20,2,1,1,1,1,"feature_4;feature_2","feature_4",2.71257448383964
"linear",20,2,1,1,2,2,"feature_4;feature_2","feature_2",2.6218980796647
"linear",20,3,1,1,0,0,"feature_4;feature_2;feature_1",NA,2.55908541587481
"linear",20,3,1,1,1,1,"feature_4;feature_2;feature_1","feature_4",2.71257448383964
"linear",20,3,1,1,2,2,"feature_4;feature_2;feature_1","feature_2;feature_1",2.6218980796647
"linear",20,3,1,1,3,3,"feature_4;feature_2;feature_1","feature_1",2.75506715866862
"linear",20,3,1,1,4,5,"feature_4;feature_2;feature_1","feature_1",2.66322191060972
"linear",20,3,1,1,5,7,"feature_4;feature_2;feature_1","feature_1",2.59184795689819
"linear",20,3,1,1,6,8,"feature_4;feature_2;feature_1","feature_4;feature_1",2.63360178695932
"linear",20,3,1,1,7,9,"feature_4;feature_2;feature_1","feature_4;feature_1",2.71009501542412
"linear",20,3,1,1,8,10,"feature_4;feature_2;feature_1","feature_4;feature_1",2.60364856879348
"linear",20,3,1,1,9,11,"feature_4;feature_2;feature_1","feature_4;feature_2",2.80288299185586
"linear",20,3,1,1,10,12,"feature_4;feature_2;feature_1","feature_4;feature_1",2.59242545979466
"linear",20,3,1,1,11,13,"feature_4;feature_2;feature_1","feature_1",2.57033002414504
"linear",20,3,1,1,12,14,"feature_4;feature_2;feature_1","feature_4;feature_1",2.58420201090316
"linear",20,3,1,1,13,15,"feature_4;feature_2;feature_1","feature_4;feature_1",2.57757236007654
"linear",20,3,1,1,14,16,"feature_4;feature_2;feature_1","feature_4",2.58117228182012
"linear",20,3,1,1,15,17,"feature_4;feature_2;feature_1","feature_4;feature_1",2.79446819116714
"linear",20,3,1,1,16,18,"feature_4;feature_1;feature_2","feature_1",4.46299595668923
"linear",20,3,1,1,17,19,"feature_4;feature_1;feature_2","feature_1",3.9829118587279
"linear",20,3,1,1,18,20,"feature_4;feature_1;feature_2","feature_1;feature_2",2.62504393605987
"tree",20,1,1,1,0,0,"feature_4",NA,3.15736630006375
"tree",20,1,1,1,1,1,"feature_4","feature_4",3.02527106398235
"tree",20,1,1,1,2,7,"feature_4","feature_4",3.0677621696038
"tree",20,1,1,1,3,8,"feature_4","feature_4",2.89866246167845
"tree",20,1,1,1,4,16,"feature_4","feature_4",3.04038128287269
"tree",20,2,1,1,0,0,"feature_4;feature_1",NA,3.15736630006375
"tree",20,2,1,1,1,1,"feature_4;feature_2","feature_4",3.02527106398235
"tree",20,2,1,1,2,7,"feature_4;feature_1","feature_4",3.0677621696038
"tree",20,2,1,1,3,8,"feature_4;feature_1","feature_4",2.89866246167845
"tree",20,2,1,1,4,10,"feature_4;feature_2","feature_1",3.01891975016303
"tree",20,2,1,1,5,14,"feature_4;feature_2","feature_2",2.97208260904287
"tree",20,2,1,1,6,15,"feature_4;feature_2","feature_2",3.00793553898663
"tree",20,2,1,1,7,16,"feature_4;feature_2","feature_2",3.07641313777594
"tree",20,2,1,1,8,18,"feature_4;feature_1","feature_2",4.95013366810243
"tree",20,2,1,1,9,20,"feature_4;feature_1","feature_4",3.08677110078627
"tree",20,3,1,1,0,0,"feature_4;feature_1;feature_2",NA,3.15736630006375
"tree",20,3,1,1,1,1,"feature_4;feature_2;feature_1","feature_4",3.02527106398235
"tree",20,3,1,1,2,3,"feature_4;feature_2;feature_1","feature_1",3.10548236539018
"tree",20,3,1,1,3,5,"feature_4;feature_2;feature_1","feature_2",3.16482029088614
"tree",20,3,1,1,4,6,"feature_4;feature_2;feature_1","feature_1",3.03798784656807
"tree",20,3,1,1,5,7,"feature_4;feature_2;feature_1","feature_4;feature_2",3.14754213352698
"tree",20,3,1,1,6,8,"feature_4;feature_2;feature_1","feature_4;feature_2",3.04526818043259
"tree",20,3,1,1,7,10,"feature_4;feature_2;feature_1","feature_4",3.01915580358765
"tree",20,3,1,1,8,11,"feature_4;feature_2;feature_1","feature_4",3.14447006904734
"tree",20,3,1,1,9,12,"feature_4;feature_2;feature_1","feature_4;feature_2;feature_1",3.16713296100063
"tree",20,3,1,1,10,13,"feature_4;feature_2;feature_1","feature_4;feature_2;feature_1",3.15961218466724
"tree",20,3,1,1,11,14,"feature_4;feature_2;feature_1","feature_4;feature_1",3.15091376488053
"tree",20,3,1,1,12,16,"feature_4;feature_2;feature_1","feature_2",3.15256374196484
"tree",20,3,1,1,13,17,"feature_4;feature_2;feature_1","feature_1",3.33565665034608
"tree",20,3,1,1,14,18,"feature_4;feature_1;feature_2","feature_2",4.92565748028818
"tree",20,3,1,1,15,19,"feature_4;feature_1;feature_2","feature_4",4.4797218808407
"rf",30,1,1,1,0,0,"feature_4",NA,1.76612127481215
"rf",30,1,1,1,1,7,"feature_4","feature_4",1.80321024407345
"rf",30,1,1,1,2,8,"feature_4","feature_4",1.78953401292094
"rf",30,1,1,1,3,9,"feature_4","feature_4",1.79112956728769
"rf",30,1,1,1,4,10,"feature_4","feature_4",1.68859570642991
"rf",30,1,1,1,5,11,"feature_4","feature_4",1.68914424189246
"rf",30,1,1,1,6,12,"feature_4","feature_4",1.68242365690713
"rf",30,1,1,1,7,13,"feature_4","feature_4",1.56128698923252
"rf",30,1,1,1,8,17,"feature_4","feature_4",1.72984287735419
"rf",30,1,1,1,9,19,"feature_4","feature_4",1.55729296652181
"rf",30,1,1,1,10,20,"feature_4","feature_4",1.5139892907524
"rf",30,1,1,1,11,21,"feature_4","feature_4",1.62685431873932
"rf",30,1,1,1,12,22,"feature_4","feature_4",1.45426386791979
"rf",30,1,1,1,13,23,"feature_4","feature_4",1.64750706462701
"rf",30,1,1,1,14,24,"feature_4","feature_4",1.59568143808484
"rf",30,1,1,1,15,25,"feature_4","feature_4",1.54466643626311
"rf",30,1,1,1,16,27,"feature_4","feature_4",5.00659003633988
"rf",30,1,1,1,17,28,"feature_4","feature_4",4.95449094869529
"rf",30,1,1,1,18,29,"feature_4","feature_4",2.71919447383555
"rf",30,2,1,1,0,0,"feature_4;feature_1",NA,1.76612127481215
"rf",30,2,1,1,1,1,"feature_4;feature_2","feature_1",1.79692000891793
"rf",30,2,1,1,2,2,"feature_4;feature_2","feature_2",1.77055277101569
"rf",30,2,1,1,3,10,"feature_4;feature_2","feature_4",1.70640775827275
"rf",30,2,1,1,4,12,"feature_4;feature_2","feature_2",1.7136853652716
"rf",30,2,1,1,5,13,"feature_4;feature_2","feature_2",1.58501548940276
"rf",30,2,1,1,6,14,"feature_4;feature_2","feature_2",1.69727284536662
"rf",30,2,1,1,7,15,"feature_4;feature_2","feature_4;feature_2",1.76616474395134
"rf",30,2,1,1,8,16,"feature_4;feature_2","feature_4",1.61929941562156
"rf",30,2,1,1,9,19,"feature_4;feature_2","feature_4",1.55024944879738
"rf",30,2,1,1,10,20,"feature_4;feature_2","feature_2",1.5516770680124
"rf",30,2,1,1,11,21,"feature_4;feature_2","feature_4;feature_2",1.5826988171884
"rf",30,2,1,1,12,22,"feature_4;feature_2","feature_4;feature_2",1.47584434250347
"rf",30,2,1,1,13,25,"feature_4;feature_2","feature_4",1.52589551870366
"rf",30,2,1,1,14,26,"feature_4;feature_1","feature_4",3.20940017978618
"rf",30,2,1,1,15,27,"feature_4;feature_1","feature_4",4.86118182897618
"rf",30,2,1,1,16,28,"feature_4;feature_1","feature_4;feature_1",4.84220687079482
"rf",30,2,1,1,17,29,"feature_4;feature_1","feature_4",2.72760602106701
"rf",30,3,1,1,0,0,"feature_4;feature_1;feature_2",NA,1.76612127481215
"rf",30,3,1,1,1,1,"feature_4;feature_2;feature_1","feature_1;feature_2",1.79692000891793
"rf",30,3,1,1,2,2,"feature_4;feature_2;feature_1","feature_2;feature_1",1.77055277101569
"rf",30,3,1,1,3,6,"feature_4;feature_2;feature_1","feature_1",1.76664845307824
"rf",30,3,1,1,4,7,"feature_4;feature_2;feature_1","feature_2;feature_1",1.67887654859093
"rf",30,3,1,1,5,8,"feature_4;feature_2;feature_1","feature_2",1.74640950132923
"rf",30,3,1,1,6,9,"feature_4;feature_2;feature_1","feature_4",1.7351975810264
"rf",30,3,1,1,7,10,"feature_4;feature_2;feature_1","feature_4;feature_2",1.63404176016746
"rf",30,3,1,1,8,12,"feature_4;feature_2;feature_1","feature_1",1.65248313425709
"rf",30,3,1,1,9,13,"feature_4;feature_2;feature_1","feature_4",1.52037830389612
"rf",30,3,1,1,10,14,"feature_4;feature_2;feature_1","feature_4;feature_2;feature_1",1.62734251824987
"rf",30,3,1,1,11,15,"feature_4;feature_2;feature_1","feature_4;feature_2",1.66842537969105
"rf",30,3,1,1,12,17,"feature_4;feature_2;feature_1","feature_4",1.66090525452721
"rf",30,3,1,1,13,18,"feature_4;feature_2;feature_1","feature_2;feature_1",1.61602832268366
"rf",30,3,1,1,14,19,"feature_4;feature_2;feature_1","feature_4",1.48086685070526
"rf",30,3,1,1,15,20,"feature_4;feature_2;feature_1","feature_4;feature_2;feature_1",1.48083930383431
"rf",30,3,1,1,16,21,"feature_4;feature_2;feature_1","feature_4",1.52165851181085
"rf",30,3,1,1,17,22,"feature_4;feature_2;feature_1","feature_1",1.43985884799832
"rf",30,3,1,1,18,23,"feature_4;feature_2;feature_1","feature_1",1.56806429928026
"rf",30,3,1,1,19,24,"feature_4;feature_2;feature_1","feature_4;feature_2",1.51712190607823
"rf",30,3,1,1,20,25,"feature_4;feature_2;feature_1","feature_4;feature_1",1.46466850704665
"rf",30,3,1,1,21,27,"feature_4;feature_1;feature_2","feature_4",5.02573528508207
"rf",30,3,1,1,22,28,"feature_4;feature_1;feature_2","feature_4;feature_1;feature_2",4.97983659316954
"rf",30,3,1,1,23,29,"feature_4;feature_1;feature_2","feature_4;feature_1",2.7307291766647
"rf",30,3,1,1,24,30,"feature_4;feature_1;feature_2","feature_2",1.58843594677367
"linear",30,1,1,1,0,0,"feature_4",NA,2.59583828972965
"linear",30,1,1,1,1,7,"feature_4","feature_4",2.60126632649464
"linear",30,2,1,1,0,0,"feature_4;feature_2",NA,2.59583828972965
"linear",30,2,1,1,1,1,"feature_4;feature_2","feature_2",2.55589560555109
"linear",30,2,1,1,2,2,"feature_4;feature_2","feature_2",2.57842836791631
"linear",30,2,1,1,3,4,"feature_4;feature_2","feature_4;feature_2",2.63421288879307
"linear",30,2,1,1,4,6,"feature_4;feature_2","feature_4;feature_2",2.77944921663811
"linear",30,2,1,1,5,7,"feature_4;feature_2","feature_4",2.60099745966183
"linear",30,2,1,1,6,8,"feature_4;feature_2","feature_4;feature_2",2.61036172035574
"linear",30,2,1,1,7,9,"feature_4;feature_2","feature_4;feature_2",2.67449384655965
"linear",30,2,1,1,8,10,"feature_4;feature_2","feature_4",2.62311229895912
"linear",30,2,1,1,9,11,"feature_4;feature_2","feature_4",2.41547940538603
"linear",30,2,1,1,10,12,"feature_4;feature_2","feature_4",2.71548929374275
"linear",30,2,1,1,11,13,"feature_4;feature_2","feature_4;feature_2",2.63617035586924
"linear",30,2,1,1,12,14,"feature_4;feature_2","feature_4;feature_2",2.67906919882293
"linear",30,2,1,1,13,15,"feature_4;feature_2","feature_4;feature_2",2.80089149995271
"linear",30,2,1,1,14,16,"feature_4;feature_2","feature_4;feature_2",2.4852407631808
"linear",30,2,1,1,15,17,"feature_4;feature_2","feature_2",2.86396748168359
"linear",30,2,1,1,16,18,"feature_4;feature_2","feature_2",2.65750710053007
"linear",30,2,1,1,17,19,"feature_4;feature_2","feature_4;feature_2",2.60864313591618
"linear",30,2,1,1,18,20,"feature_4;feature_2","feature_2",2.51925733231943
"linear",30,2,1,1,19,21,"feature_4;feature_2","feature_4",2.57504329734926
"linear",30,2,1,1,20,22,"feature_4;feature_2","feature_2",2.50602893057552
"linear",30,2,1,1,21,23,"feature_4;feature_2","feature_4;feature_2",2.66131886214137
"linear",30,2,1,1,22,24,"feature_4;feature_2","feature_4;feature_2",2.52975031178675
"linear",30,2,1,1,23,25,"feature_4;feature_2","feature_4",2.53838049523134
"linear",30,2,1,1,24,26,"feature_4;feature_2","feature_4;feature_2",3.37314852244074
"linear",30,2,1,1,25,28,"feature_4;feature_1","feature_4;feature_2",4.52218873944948
"linear",30,2,1,1,26,29,"feature_4;feature_1","feature_4;feature_1",3.02803329264046
"linear",30,2,1,1,27,30,"feature_4;feature_1","feature_4;feature_1",2.57370075689966
"linear",30,3,1,1,0,0,"feature_4;feature_2;feature_1",NA,2.59583828972965
"linear",30,3,1,1,1,1,"feature_4;feature_2;feature_1","feature_2;feature_1",2.55589560555109
"linear",30,3,1,1,2,2,"feature_4;feature_2;feature_1","feature_2;feature_1",2.57842836791631
"linear",30,3,1,1,3,3,"feature_4;feature_2;feature_1","feature_1",2.70960339003505
"linear",30,3,1,1,4,4,"feature_4;feature_2;feature_1","feature_4;feature_2",2.63282201950232
"linear",30,3,1,1,5,6,"feature_4;feature_2;feature_1","feature_4",2.77831259705681
"linear",30,3,1,1,6,7,"feature_4;feature_2;feature_1","feature_4",2.60163550587064
"linear",30,3,1,1,7,8,"feature_4;feature_2;feature_1","feature_4;feature_2",2.60892405294957
"linear",30,3,1,1,8,9,"feature_4;feature_2;feature_1","feature_4;feature_2",2.67467003912078
"linear",30,3,1,1,9,11,"feature_4;feature_2;feature_1","feature_4;feature_2",2.41466418505101
"linear",30,3,1,1,10,12,"feature_4;feature_2;feature_1","feature_4;feature_1",2.71618162163271
"linear",30,3,1,1,11,13,"feature_4;feature_2;feature_1","feature_4;feature_2",2.63328504959212
"linear",30,3,1,1,12,14,"feature_4;feature_2;feature_1","feature_4;feature_2",2.67832693667998
"linear",30,3,1,1,13,15,"feature_4;feature_2;feature_1","feature_4;feature_2",2.80050936941846
"linear",30,3,1,1,14,16,"feature_4;feature_2;feature_1","feature_4;feature_2",2.48559642250569
"linear",30,3,1,1,15,17,"feature_4;feature_2;feature_1","feature_2",2.86469304854041
"linear",30,3,1,1,16,18,"feature_4;feature_2;feature_1","feature_2;feature_1",2.65849027796803
"linear",30,3,1,1,17,19,"feature_4;feature_2;feature_1","feature_4;feature_2;feature_1",2.60811584535694
"linear",30,3,1,1,18,20,"feature_4;feature_2;feature_1","feature_2",2.51800666702679
"linear",30,3,1,1,19,21,"feature_4;feature_2;feature_1","feature_4;feature_1",2.57475043355079
"linear",30,3,1,1,20,22,"feature_4;feature_2;feature_1","feature_2;feature_1",2.5046954624422
"linear",30,3,1,1,21,23,"feature_4;feature_2;feature_1","feature_4;feature_2;feature_1",2.661558023378
"linear",30,3,1,1,22,24,"feature_4;feature_2;feature_1","feature_4;feature_2;feature_1",2.52929414072122
"linear",30,3,1,1,23,25,"feature_4;feature_2;feature_1","feature_4;feature_1",2.53802685332908
"linear",30,3,1,1,24,26,"feature_4;feature_2;feature_1","feature_4;feature_2;feature_1",3.37305908532664
"linear",30,3,1,1,25,27,"feature_4;feature_1;feature_2","feature_1",4.49934967811038
"linear",30,3,1,1,26,28,"feature_4;feature_1;feature_2","feature_4;feature_1;feature_2",4.42080583728489
"linear",30,3,1,1,27,29,"feature_4;feature_1;feature_2","feature_4;feature_1;feature_2",3.00411101117733
"linear",30,3,1,1,28,30,"feature_4;feature_1;feature_2","feature_4;feature_1;feature_2",2.57772468874008
"tree",30,1,1,1,0,0,"feature_4",NA,3.04004783732586
"tree",30,1,1,1,1,4,"feature_4","feature_4",3.10980560425865
"tree",30,1,1,1,2,5,"feature_4","feature_4",3.03624982771685
"tree",30,1,1,1,3,11,"feature_4","feature_4",2.94452269117815
"tree",30,1,1,1,4,12,"feature_4","feature_4",3.1315102154569
"tree",30,1,1,1,5,24,"feature_4","feature_4",3.30864724456703
"tree",30,1,1,1,6,25,"feature_4","feature_4",3.07823285100228
"tree",30,1,1,1,7,28,"feature_4","feature_4",5.05772454663296
"tree",30,1,1,1,8,29,"feature_4","feature_4",3.64253796813629
"tree",30,2,1,1,0,0,"feature_4;feature_2",NA,3.04004783732586
"tree",30,2,1,1,1,4,"feature_4;feature_1","feature_4",3.10980560425865
"tree",30,2,1,1,2,5,"feature_4;feature_2","feature_4",3.03624982771685
"tree",30,2,1,1,3,6,"feature_4;feature_2","feature_2",3.12259514075814
"tree",30,2,1,1,4,7,"feature_4;feature_2","feature_4;feature_2",3.01566639488892
"tree",30,2,1,1,5,8,"feature_4;feature_2","feature_2",3.12447030704064
"tree",30,2,1,1,6,9,"feature_4;feature_2","feature_4",3.12007645449348
"tree",30,2,1,1,7,10,"feature_4;feature_2","feature_4;feature_2",3.00288619557526
"tree",30,2,1,1,8,13,"feature_4;feature_2","feature_4",2.91585449482416
"tree",30,2,1,1,9,16,"feature_4;feature_2","feature_2",2.95239166925448
"tree",30,2,1,1,10,17,"feature_4;feature_2","feature_2",3.11981501740861
"tree",30,2,1,1,11,18,"feature_4;feature_2","feature_4;feature_2",3.21159435157571
"tree",30,2,1,1,12,20,"feature_4;feature_2","feature_2",3.06979060480853
"tree",30,2,1,1,13,21,"feature_4;feature_2","feature_2",3.21770001413629
"tree",30,2,1,1,14,22,"feature_4;feature_2","feature_2",3.0186007227042
"tree",30,2,1,1,15,23,"feature_4;feature_2","feature_4;feature_2",3.1760297638644
"tree",30,2,1,1,16,26,"feature_4;feature_2","feature_4",3.77761949538741
"tree",30,2,1,1,17,27,"feature_4;feature_1","feature_2",4.91236026289558
"tree",30,2,1,1,18,28,"feature_4;feature_1","feature_1",4.71377357682414
"tree",30,2,1,1,19,29,"feature_4;feature_1","feature_4",3.58112514462359
"tree",30,2,1,1,20,30,"feature_4;feature_1","feature_4;feature_1",3.16628502830338
"tree",30,3,1,1,0,0,"feature_4;feature_2;feature_1",NA,3.04004783732586
"tree",30,3,1,1,1,1,"feature_4;feature_2;feature_1","feature_1",3.14930213880758
"tree",30,3,1,1,2,2,"feature_4;feature_2;feature_1","feature_2;feature_1",3.14104118629343
"tree",30,3,1,1,3,3,"feature_4;feature_2;feature_1","feature_2",3.04293531308602
"tree",30,3,1,1,4,4,"feature_4;feature_2;feature_1","feature_1",3.06850575462093
"tree",30,3,1,1,5,5,"feature_4;feature_2;feature_1","feature_2;feature_1",2.97219864042405
"tree",30,3,1,1,6,7,"feature_4;feature_2;feature_1","feature_2",3.00900021326531
"tree",30,3,1,1,7,8,"feature_4;feature_2;feature_1","feature_2;feature_1",3.14780155065256
"tree",30,3,1,1,8,9,"feature_4;feature_2;feature_1","feature_4",3.04437622575932
"tree",30,3,1,1,9,11,"feature_4;feature_2;feature_1","feature_2",3.07064645293545
"tree",30,3,1,1,10,13,"feature_4;feature_2;feature_1","feature_1",3.03239654409916
"tree",30,3,1,1,11,14,"feature_4;feature_2;feature_1","feature_2;feature_1",3.17085088416483
"tree",30,3,1,1,12,15,"feature_4;feature_2;feature_1","feature_4",3.17926443293237
"tree",30,3,1,1,13,18,"feature_4;feature_2;feature_1","feature_2",3.18277651513092
"tree",30,3,1,1,14,19,"feature_4;feature_2;feature_1","feature_4",3.08422460051909
"tree",30,3,1,1,15,20,"feature_4;feature_2;feature_1","feature_2;feature_1",2.99935092329078
"tree",30,3,1,1,16,21,"feature_4;feature_2;feature_1","feature_1",3.20248160225548
"tree",30,3,1,1,17,22,"feature_4;feature_2;feature_1","feature_2",3.11812950015448
"tree",30,3,1,1,18,23,"feature_4;feature_2;feature_1","feature_4;feature_1",3.06287896053777
"tree",30,3,1,1,19,24,"feature_4;feature_2;feature_1","feature_2;feature_1",3.21817024863148
"tree",30,3,1,1,20,25,"feature_4;feature_2;feature_1","feature_1",3.15852122972603
"tree",30,3,1,1,21,26,"feature_4;feature_2;feature_1","feature_1",3.76189474007504
"tree",30,3,1,1,22,28,"feature_4;feature_1;feature_2","feature_2;feature_1",5.0890639284522
"tree",30,3,1,1,23,29,"feature_4;feature_1;feature_2","feature_1",3.60646281288476
"tree",30,3,1,1,24,30,"feature_4;feature_1;feature_2","feature_4;feature_1",3.07995356140218
"rf",10,1,2,2,0,0,"feature_4",NA,1.66392210563149
"rf",10,2,2,2,0,0,"feature_4;feature_2",NA,1.66392210563149
"rf",10,3,2,2,0,0,"feature_4;feature_2;feature_1",NA,1.66392210563149
"linear",10,1,2,2,0,0,"feature_4",NA,2.64322320715957
"linear",10,2,2,2,0,0,"feature_4;feature_2",NA,2.64322320715957
"linear",10,2,2,2,1,3,"feature_4;feature_2","feature_2",2.69472870243812
"linear",10,2,2,2,2,5,"feature_4;feature_2","feature_4",2.74918184090289
"linear",10,2,2,2,3,6,"feature_4;feature_2","feature_4",2.53157148501579
"linear",10,2,2,2,4,7,"feature_4;feature_2","feature_4",2.59425820112852
"linear",10,3,2,2,0,0,"feature_4;feature_2;feature_1",NA,2.64322320715957
"linear",10,3,2,2,1,3,"feature_4;feature_2;feature_1","feature_2",2.69472870243812
"linear",10,3,2,2,2,4,"feature_4;feature_2;feature_1","feature_1",2.6283239154556
"linear",10,3,2,2,3,7,"feature_4;feature_2;feature_1","feature_1",2.59790664942662
"linear",10,3,2,2,4,10,"feature_4;feature_1;feature_2","feature_1",3.19285746983171
"tree",10,1,2,2,0,0,"feature_4",NA,3.02539459492964
"tree",10,2,2,2,0,0,"feature_4;feature_2",NA,3.02539459492964
"tree",10,2,2,2,1,5,"feature_4;feature_2","feature_2",3.096911474687
"tree",10,3,2,2,0,0,"feature_4;feature_2;feature_1",NA,3.02539459492964
"tree",10,3,2,2,1,5,"feature_4;feature_2;feature_1","feature_2",3.096911474687
"tree",10,3,2,2,2,7,"feature_4;feature_2;feature_1","feature_1",3.09913038818102
"tree",10,3,2,2,3,10,"feature_4;feature_1;feature_2","feature_4",3.7473160122216
"rf",20,1,2,2,0,0,"feature_4",NA,1.80744292662707
"rf",20,1,2,2,1,5,"feature_4","feature_4",1.81232824699573
"rf",20,1,2,2,2,20,"feature_4","feature_4",1.69337339848817
"rf",20,2,2,2,0,0,"feature_4;feature_2",NA,1.80744292662707
"rf",20,2,2,2,1,5,"feature_4;feature_2","feature_4",1.81232824699573
"rf",20,2,2,2,2,20,"feature_4;feature_2","feature_4",1.69337339848817
"rf",20,3,2,2,0,0,"feature_4;feature_2;feature_1",NA,1.80744292662707
"rf",20,3,2,2,1,5,"feature_4;feature_2;feature_1","feature_4",1.81232824699573
"rf",20,3,2,2,2,9,"feature_4;feature_2;feature_1","feature_1",1.68455442412385
"rf",20,3,2,2,3,10,"feature_4;feature_2;feature_1","feature_1",1.71519906071159
"rf",20,3,2,2,4,15,"feature_4;feature_2;feature_1","feature_1",1.61664329189038
"linear",20,1,2,2,0,0,"feature_4",NA,2.55908541587481
"linear",20,1,2,2,1,1,"feature_4","feature_4",2.71257448383964
"linear",20,2,2,2,0,0,"feature_4;feature_2",NA,2.55908541587481
"linear",20,2,2,2,1,1,"feature_4;feature_2","feature_4",2.71257448383964
"linear",20,2,2,2,2,2,"feature_4;feature_2","feature_2",2.6218980796647
"linear",20,3,2,2,0,0,"feature_4;feature_2;feature_1",NA,2.55908541587481
"linear",20,3,2,2,1,1,"feature_4;feature_2;feature_1","feature_4",2.71257448383964
"linear",20,3,2,2,2,2,"feature_4;feature_2;feature_1","feature_2",2.6218980796647
"linear",20,3,2,2,3,5,"feature_4;feature_2;feature_1","feature_1",2.66373211608799
"linear",20,3,2,2,4,8,"feature_4;feature_2;feature_1","feature_1",2.63413075664942
"linear",20,3,2,2,5,9,"feature_4;feature_2;feature_1","feature_1",2.71051344135711
"linear",20,3,2,2,6,10,"feature_4;feature_2;feature_1","feature_1",2.60309542762005
"linear",20,3,2,2,7,15,"feature_4;feature_2;feature_1","feature_1",2.58066459134662
"linear",20,3,2,2,8,17,"feature_4;feature_2;feature_1","feature_1",2.79433042491645
"linear",20,3,2,2,9,18,"feature_4;feature_1;feature_2","feature_1",4.44351243957807
"linear",20,3,2,2,10,20,"feature_4;feature_1;feature_2","feature_2",2.62580252095304
"tree",20,1,2,2,0,0,"feature_4",NA,3.15736630006375
"tree",20,1,2,2,1,2,"feature_4","feature_4",3.06537813686235
"tree",20,2,2,2,0,0,"feature_4;feature_1",NA,3.15736630006375
"tree",20,2,2,2,1,2,"feature_4;feature_2","feature_4",3.06537813686235
"tree",20,3,2,2,0,0,"feature_4;feature_1;feature_2",NA,3.15736630006375
"tree",20,3,2,2,1,2,"feature_4;feature_2;feature_1","feature_4",3.06537813686235
"tree",20,3,2,2,2,15,"feature_4;feature_2;feature_1","feature_1",3.00206374729575
"rf",30,1,2,2,0,0,"feature_4",NA,1.76612127481215
"rf",30,2,2,2,0,0,"feature_4;feature_1",NA,1.76612127481215
"rf",30,2,2,2,1,7,"feature_4;feature_2","feature_1",1.80321024407345
"rf",30,2,2,2,2,17,"feature_4;feature_2","feature_4",1.88101476511319
"rf",30,2,2,2,3,30,"feature_4;feature_2","feature_2",1.6699722458482
"rf",30,3,2,2,0,0,"feature_4;feature_1;feature_2",NA,1.76612127481215
"rf",30,3,2,2,1,2,"feature_4;feature_2;feature_1","feature_2",1.8468847979021
"rf",30,3,2,2,2,12,"feature_4;feature_2;feature_1","feature_1",1.71590503965349
"rf",30,3,2,2,3,21,"feature_4;feature_1;feature_2","feature_4",1.69277385740751
"rf",30,3,2,2,4,23,"feature_4;feature_2;feature_1","feature_1",1.67788707232059
"rf",30,3,2,2,5,24,"feature_4;feature_2;feature_1","feature_2",1.6643003280545
"rf",30,3,2,2,6,30,"feature_4;feature_2;feature_1","feature_4",1.66774397397132
"linear",30,1,2,2,0,0,"feature_4",NA,2.59583828972965
"linear",30,1,2,2,1,7,"feature_4","feature_4",2.60126632649464
"linear",30,2,2,2,0,0,"feature_4;feature_2",NA,2.59583828972965
"linear",30,2,2,2,1,1,"feature_4;feature_2","feature_2",2.55589560555109
"linear",30,2,2,2,2,2,"feature_4;feature_2","feature_2",2.57842836791631
"linear",30,2,2,2,3,13,"feature_4;feature_2","feature_4",2.63294314578504
"linear",30,2,2,2,4,14,"feature_4;feature_2","feature_4;feature_2",2.67860891571518
"linear",30,2,2,2,5,15,"feature_4;feature_2","feature_2",2.79917665508415
"linear",30,2,2,2,6,16,"feature_4;feature_2","feature_4",2.48652095667391
"linear",30,2,2,2,7,17,"feature_4;feature_2","feature_2",2.86914746639987
"linear",30,2,2,2,8,18,"feature_4;feature_2","feature_2",2.66011381830959
"linear",30,2,2,2,9,19,"feature_4;feature_2","feature_4;feature_2",2.60607739257447
"linear",30,2,2,2,10,20,"feature_4;feature_2","feature_2",2.51402433515575
"linear",30,2,2,2,11,21,"feature_4;feature_2","feature_4",2.57681731532382
"linear",30,2,2,2,12,22,"feature_4;feature_2","feature_2",2.49971929040588
"linear",30,2,2,2,13,23,"feature_4;feature_2","feature_2",2.66521557955172
"linear",30,2,2,2,14,24,"feature_4;feature_2","feature_4",2.52879913501552
"linear",30,2,2,2,15,26,"feature_4;feature_2","feature_2",3.37516861128938
"linear",30,2,2,2,16,27,"feature_4;feature_1","feature_2",4.48932211262305
"linear",30,2,2,2,17,28,"feature_4;feature_1","feature_1",4.36712287151185
"linear",30,2,2,2,18,29,"feature_4;feature_1","feature_4;feature_1",2.98441771444398
"linear",30,2,2,2,19,30,"feature_4;feature_1","feature_1",2.58382436344015
"linear",30,3,2,2,0,0,"feature_4;feature_2;feature_1",NA,2.59583828972965
"linear",30,3,2,2,1,1,"feature_4;feature_2;feature_1","feature_2;feature_1",2.55589560555109
"linear",30,3,2,2,2,2,"feature_4;feature_2;feature_1","feature_2;feature_1",2.57842836791631
"linear",30,3,2,2,3,3,"feature_4;feature_2;feature_1","feature_1",2.70960339003505
"linear",30,3,2,2,4,5,"feature_4;feature_2;feature_1","feature_1",2.6650380583535
"linear",30,3,2,2,5,6,"feature_4;feature_2;feature_1","feature_4",2.78132779806114
"linear",30,3,2,2,6,7,"feature_4;feature_2;feature_1","feature_4",2.59752181807876
"linear",30,3,2,2,7,8,"feature_4;feature_2;feature_1","feature_4;feature_2",2.61169213217495
"linear",30,3,2,2,8,9,"feature_4;feature_2;feature_1","feature_4",2.67552817488659
"linear",30,3,2,2,9,11,"feature_4;feature_2;feature_1","feature_4",2.41628571708492
"linear",30,3,2,2,10,12,"feature_4;feature_2;feature_1","feature_4",2.71553288006652
"linear",30,3,2,2,11,13,"feature_4;feature_2;feature_1","feature_4;feature_2",2.63203474440595
"linear",30,3,2,2,12,14,"feature_4;feature_2;feature_1","feature_4;feature_2",2.67850466626342
"linear",30,3,2,2,13,15,"feature_4;feature_2;feature_1","feature_2",2.79936819973425
"linear",30,3,2,2,14,16,"feature_4;feature_2;feature_1","feature_4;feature_2",2.4860072720966
"linear",30,3,2,2,15,17,"feature_4;feature_2;feature_1","feature_2",2.86539285442285
"linear",30,3,2,2,16,18,"feature_4;feature_2;feature_1","feature_2",2.65951379502781
"linear",30,3,2,2,17,19,"feature_4;feature_2;feature_1","feature_2",2.60792667696947
"linear",30,3,2,2,18,21,"feature_4;feature_2;feature_1","feature_4;feature_1",2.57449297755084
"linear",30,3,2,2,19,22,"feature_4;feature_2;feature_1","feature_2;feature_1",2.50533965111411
"linear",30,3,2,2,20,23,"feature_4;feature_2;feature_1","feature_1",2.66043346620134
"linear",30,3,2,2,21,24,"feature_4;feature_2;feature_1","feature_4;feature_1",2.52982941135031
"linear",30,3,2,2,22,25,"feature_4;feature_2;feature_1","feature_4;feature_1",2.5375433243815
"linear",30,3,2,2,23,26,"feature_4;feature_2;feature_1","feature_1",3.37197349467336
"linear",30,3,2,2,24,28,"feature_4;feature_1;feature_2","feature_1",4.5155984367991
"linear",30,3,2,2,25,29,"feature_4;feature_1;feature_2","feature_4;feature_1;feature_2",3.02628506289024
"linear",30,3,2,2,26,30,"feature_4;feature_1;feature_2","feature_4;feature_1",2.57581637843454
"tree",30,1,2,2,0,0,"feature_4",NA,3.04004783732586
"tree",30,2,2,2,0,0,"feature_4;feature_2",NA,3.04004783732586
"tree",30,3,2,2,0,0,"feature_4;feature_2;feature_1",NA,3.04004783732586
"tree",30,3,2,2,1,4,"feature_4;feature_1;feature_2","feature_1",3.10980560425865
"tree",30,3,2,2,2,21,"feature_4;feature_1;feature_2","feature_2",3.05070711126863
"rf",10,1,3,3,0,0,"feature_4",NA,1.66392210563149
"rf",10,2,3,3,0,0,"feature_4;feature_2",NA,1.66392210563149
"rf",10,3,3,3,0,0,"feature_4;feature_2;feature_1",NA,1.66392210563149
"linear",10,1,3,3,0,0,"feature_4",NA,2.64322320715957
"linear",10,2,3,3,0,0,"feature_4;feature_2",NA,2.64322320715957
"linear",10,2,3,3,1,4,"feature_4;feature_2","feature_2",2.6268590407064
"linear",10,3,3,3,0,0,"feature_4;feature_2;feature_1",NA,2.64322320715957
"linear",10,3,3,3,1,4,"feature_4;feature_2;feature_1","feature_2;feature_1",2.6268590407064
"tree",10,1,3,3,0,0,"feature_4",NA,3.02539459492964
"tree",10,2,3,3,0,0,"feature_4;feature_2",NA,3.02539459492964
"tree",10,2,3,3,1,10,"feature_4;feature_1","feature_2",3.73054650321422
"tree",10,3,3,3,0,0,"feature_4;feature_2;feature_1",NA,3.02539459492964
"tree",10,3,3,3,1,10,"feature_4;feature_1;feature_2","feature_2",3.73054650321422
"rf",20,1,3,3,0,0,"feature_4",NA,1.80744292662707
"rf",20,2,3,3,0,0,"feature_4;feature_2",NA,1.80744292662707
"rf",20,3,3,3,0,0,"feature_4;feature_2;feature_1",NA,1.80744292662707
"linear",20,1,3,3,0,0,"feature_4",NA,2.55908541587481
"linear",20,1,3,3,1,2,"feature_4","feature_4",2.62040760587693
"linear",20,2,3,3,0,0,"feature_4;feature_2",NA,2.55908541587481
"linear",20,2,3,3,1,2,"feature_4;feature_2","feature_4",2.62040760587693
"linear",20,3,3,3,0,0,"feature_4;feature_2;feature_1",NA,2.55908541587481
"linear",20,3,3,3,1,2,"feature_4;feature_2;feature_1","feature_4;feature_1",2.62040760587693
"tree",20,1,3,3,0,0,"feature_4",NA,3.15736630006375
"tree",20,1,3,3,1,3,"feature_4","feature_4",3.11311367114609
"tree",20,2,3,3,0,0,"feature_4;feature_1",NA,3.15736630006375
"tree",20,2,3,3,1,3,"feature_4;feature_2","feature_4",3.11311367114609
"tree",20,3,3,3,0,0,"feature_4;feature_1;feature_2",NA,3.15736630006375
"tree",20,3,3,3,1,3,"feature_4;feature_2;feature_1","feature_4",3.11311367114609
"rf",30,1,3,3,0,0,"feature_4",NA,1.76612127481215
"rf",30,2,3,3,0,0,"feature_4;feature_1",NA,1.76612127481215
"rf",30,2,3,3,1,7,"feature_4;feature_2","feature_1",1.80321024407345
"rf",30,3,3,3,0,0,"feature_4;feature_1;feature_2",NA,1.76612127481215
"rf",30,3,3,3,1,7,"feature_4;feature_2;feature_1","feature_1",1.80321024407345
"linear",30,1,3,3,0,0,"feature_4",NA,2.59583828972965
"linear",30,2,3,3,0,0,"feature_4;feature_2",NA,2.59583828972965
"linear",30,2,3,3,1,1,"feature_4;feature_2","feature_2",2.55589560555109
"linear",30,2,3,3,2,2,"feature_4;feature_2","feature_2",2.57842836791631
"linear",30,2,3,3,3,29,"feature_4;feature_1","feature_2",3.07373381808076
"linear",30,2,3,3,4,30,"feature_4;feature_1","feature_1",2.57361185032226
"linear",30,3,3,3,0,0,"feature_4;feature_2;feature_1",NA,2.59583828972965
"linear",30,3,3,3,1,1,"feature_4;feature_2;feature_1","feature_2",2.55589560555109
"linear",30,3,3,3,2,2,"feature_4;feature_2;feature_1","feature_2;feature_1",2.57842836791631
"linear",30,3,3,3,3,3,"feature_4;feature_2;feature_1","feature_1",2.70960339003505
"linear",30,3,3,3,4,7,"feature_4;feature_2;feature_1","feature_1",2.59858887632685
"linear",30,3,3,3,5,8,"feature_4;feature_2;feature_1","feature_4",2.6129591180301
"linear",30,3,3,3,6,9,"feature_4;feature_2;feature_1","feature_4",2.67619548926497
"linear",30,3,3,3,7,10,"feature_4;feature_2;feature_1","feature_2",2.62702558752522
"linear",30,3,3,3,8,11,"feature_4;feature_2;feature_1","feature_4",2.41381714909242
"linear",30,3,3,3,9,13,"feature_4;feature_2;feature_1","feature_4",2.63111072130376
"linear",30,3,3,3,10,14,"feature_4;feature_2;feature_1","feature_4;feature_2",2.67813230339484
"linear",30,3,3,3,11,15,"feature_4;feature_2;feature_1","feature_4;feature_2",2.80135863020062
"linear",30,3,3,3,12,16,"feature_4;feature_2;feature_1","feature_4",2.4860558718171
"linear",30,3,3,3,13,17,"feature_4;feature_2;feature_1","feature_2",2.86539355110909
"linear",30,3,3,3,14,18,"feature_4;feature_2;feature_1","feature_2;feature_1",2.65872796524243
"linear",30,3,3,3,15,19,"feature_4;feature_2;feature_1","feature_2",2.60667122919974
"linear",30,3,3,3,16,20,"feature_4;feature_2;feature_1","feature_2",2.51539423641948
"linear",30,3,3,3,17,22,"feature_4;feature_2;feature_1","feature_2;feature_1",2.50436914643546
"linear",30,3,3,3,18,23,"feature_4;feature_2;feature_1","feature_1",2.66301698887546
"linear",30,3,3,3,19,25,"feature_4;feature_2;feature_1","feature_1",2.53722017765378
"linear",30,3,3,3,20,26,"feature_4;feature_2;feature_1","feature_1",3.37444547841541
"linear",30,3,3,3,21,27,"feature_4;feature_1;feature_2","feature_1",4.49605785194579
"linear",30,3,3,3,22,28,"feature_4;feature_1;feature_2","feature_1",4.40376859204866
"linear",30,3,3,3,23,29,"feature_4;feature_1;feature_2","feature_1;feature_2",2.9970463287645
"linear",30,3,3,3,24,30,"feature_4;feature_1;feature_2","feature_1",2.57978136296043
"tree",30,1,3,3,0,0,"feature_4",NA,3.04004783732586
"tree",30,2,3,3,0,0,"feature_4;feature_2",NA,3.04004783732586
"tree",30,3,3,3,0,0,"feature_4;feature_2;feature_1",NA,3.04004783732586
"rf",10,1,4,4,0,0,"feature_4",NA,1.66392210563149
"rf",10,2,4,4,0,0,"feature_4;feature_2",NA,1.66392210563149
"rf",10,3,4,4,0,0,"feature_4;feature_2;feature_1",NA,1.66392210563149
"linear",10,1,4,4,0,0,"feature_4",NA,2.64322320715957
"linear",10,2,4,4,0,0,"feature_4;feature_2",NA,2.64322320715957
"linear",10,3,4,4,0,0,"feature_4;feature_2;feature_1",NA,2.64322320715957
"linear",10,3,4,4,1,7,"feature_4;feature_2;feature_1","feature_1",2.59654471594777
"linear",10,3,4,4,2,10,"feature_4;feature_1;feature_2","feature_1",3.19806012374059
"tree",10,1,4,4,0,0,"feature_4",NA,3.02539459492964
"tree",10,2,4,4,0,0,"feature_4;feature_2",NA,3.02539459492964
"tree",10,3,4,4,0,0,"feature_4;feature_2;feature_1",NA,3.02539459492964
"rf",20,1,4,4,0,0,"feature_4",NA,1.80744292662707
"rf",20,2,4,4,0,0,"feature_4;feature_2",NA,1.80744292662707
"rf",20,3,4,4,0,0,"feature_4;feature_2;feature_1",NA,1.80744292662707
"linear",20,1,4,4,0,0,"feature_4",NA,2.55908541587481
"linear",20,1,4,4,1,2,"feature_4","feature_4",2.62040760587693
"linear",20,2,4,4,0,0,"feature_4;feature_2",NA,2.55908541587481
"linear",20,2,4,4,1,2,"feature_4;feature_2","feature_4",2.62040760587693
"linear",20,3,4,4,0,0,"feature_4;feature_2;feature_1",NA,2.55908541587481
"linear",20,3,4,4,1,2,"feature_4;feature_2;feature_1","feature_4",2.62040760587693
"tree",20,1,4,4,0,0,"feature_4",NA,3.15736630006375
"tree",20,2,4,4,0,0,"feature_4;feature_1",NA,3.15736630006375
"tree",20,3,4,4,0,0,"feature_4;feature_1;feature_2",NA,3.15736630006375
"rf",30,1,4,4,0,0,"feature_4",NA,1.76612127481215
"rf",30,2,4,4,0,0,"feature_4;feature_1",NA,1.76612127481215
"rf",30,3,4,4,0,0,"feature_4;feature_1;feature_2",NA,1.76612127481215
"linear",30,1,4,4,0,0,"feature_4",NA,2.59583828972965
"linear",30,2,4,4,0,0,"feature_4;feature_2",NA,2.59583828972965
"linear",30,2,4,4,1,1,"feature_4;feature_2","feature_2",2.55589560555109
"linear",30,2,4,4,2,2,"feature_4;feature_2","feature_2",2.57842836791631
"linear",30,2,4,4,3,29,"feature_4;feature_1","feature_2",3.07373381808076
"linear",30,3,4,4,0,0,"feature_4;feature_2;feature_1",NA,2.59583828972965
"linear",30,3,4,4,1,1,"feature_4;feature_2;feature_1","feature_2",2.55589560555109
"linear",30,3,4,4,2,2,"feature_4;feature_2;feature_1","feature_2;feature_1",2.57842836791631
"linear",30,3,4,4,3,7,"feature_4;feature_2;feature_1","feature_1",2.59742550522638
"linear",30,3,4,4,4,8,"feature_4;feature_2;feature_1","feature_1",2.61554817557237
"linear",30,3,4,4,5,13,"feature_4;feature_2;feature_1","feature_4",2.63097075177419
"linear",30,3,4,4,6,21,"feature_4;feature_2;feature_1","feature_4",2.57372995289736
"linear",30,3,4,4,7,22,"feature_4;feature_2;feature_1","feature_4;feature_2",2.49898289085689
"linear",30,3,4,4,8,23,"feature_4;feature_2;feature_1","feature_4",2.65680801502395
"linear",30,3,4,4,9,24,"feature_4;feature_2;feature_1","feature_4",2.52795762019311
"linear",30,3,4,4,10,25,"feature_4;feature_2;feature_1","feature_4",2.53433352601933
"linear",30,3,4,4,11,26,"feature_4;feature_1;feature_2","feature_4",3.3743362078566
"linear",30,3,4,4,12,28,"feature_4;feature_1;feature_2","feature_4;feature_2",4.49141542849701
"linear",30,3,4,4,13,29,"feature_4;feature_1;feature_2","feature_4;feature_2",3.00248571942069
"linear",30,3,4,4,14,30,"feature_4;feature_1;feature_2","feature_4",2.58451075439979
"tree",30,1,4,4,0,0,"feature_4",NA,3.04004783732586
"tree",30,2,4,4,0,0,"feature_4;feature_2",NA,3.04004783732586
"tree",30,3,4,4,0,0,"feature_4;feature_2;feature_1",NA,3.04004783732586
"rf",10,1,5,5,0,0,"feature_4",NA,1.66392210563149
"rf",10,2,5,5,0,0,"feature_4;feature_2",NA,1.66392210563149
"rf",10,3,5,5,0,0,"feature_4;feature_2;feature_1",NA,1.66392210563149
"linear",10,1,5,5,0,0,"feature_4",NA,2.64322320715957
"linear",10,2,5,5,0,0,"feature_4;feature_2",NA,2.64322320715957
"linear",10,3,5,5,0,0,"feature_4;feature_2;feature_1",NA,2.64322320715957
"tree",10,1,5,5,0,0,"feature_4",NA,3.02539459492964
"tree",10,2,5,5,0,0,"feature_4;feature_2",NA,3.02539459492964
"tree",10,3,5,5,0,0,"feature_4;feature_2;feature_1",NA,3.02539459492964
"rf",20,1,5,5,0,0,"feature_4",NA,1.80744292662707
"rf",20,2,5,5,0,0,"feature_4;feature_2",NA,1.80744292662707
"rf",20,3,5,5,0,0,"feature_4;feature_2;feature_1",NA,1.80744292662707
"linear",20,1,5,5,0,0,"feature_4",NA,2.55908541587481
"linear",20,1,5,5,1,2,"feature_4","feature_4",2.62040760587693
"linear",20,2,5,5,0,0,"feature_4;feature_2",NA,2.55908541587481
"linear",20,2,5,5,1,2,"feature_4;feature_2","feature_4",2.62040760587693
"linear",20,3,5,5,0,0,"feature_4;feature_2;feature_1",NA,2.55908541587481
"linear",20,3,5,5,1,2,"feature_4;feature_2;feature_1","feature_4",2.62040760587693
"tree",20,1,5,5,0,0,"feature_4",NA,3.15736630006375
"tree",20,2,5,5,0,0,"feature_4;feature_1",NA,3.15736630006375
"tree",20,3,5,5,0,0,"feature_4;feature_1;feature_2",NA,3.15736630006375
"rf",30,1,5,5,0,0,"feature_4",NA,1.76612127481215
"rf",30,2,5,5,0,0,"feature_4;feature_1",NA,1.76612127481215
"rf",30,3,5,5,0,0,"feature_4;feature_1;feature_2",NA,1.76612127481215
"linear",30,1,5,5,0,0,"feature_4",NA,2.59583828972965
"linear",30,2,5,5,0,0,"feature_4;feature_2",NA,2.59583828972965
"linear",30,2,5,5,1,1,"feature_4;feature_2","feature_2",2.55589560555109
"linear",30,2,5,5,2,2,"feature_4;feature_2","feature_2",2.57842836791631
"linear",30,3,5,5,0,0,"feature_4;feature_2;feature_1",NA,2.59583828972965
"linear",30,3,5,5,1,1,"feature_4;feature_2;feature_1","feature_2",2.55589560555109
"linear",30,3,5,5,2,2,"feature_4;feature_2;feature_1","feature_2;feature_1",2.57842836791631
"linear",30,3,5,5,3,7,"feature_4;feature_2;feature_1","feature_1",2.59742550522638
"linear",30,3,5,5,4,8,"feature_4;feature_2;feature_1","feature_1",2.61554817557237
"linear",30,3,5,5,5,13,"feature_4;feature_2;feature_1","feature_4",2.63097075177419
"linear",30,3,5,5,6,22,"feature_4;feature_2;feature_1","feature_2",2.50030275710781
"linear",30,3,5,5,7,24,"feature_4;feature_2;feature_1","feature_4",2.52989283053788
"linear",30,3,5,5,8,25,"feature_4;feature_2;feature_1","feature_4",2.53478916298967
"linear",30,3,5,5,9,26,"feature_4;feature_1;feature_2","feature_4",3.37583325184472
"linear",30,3,5,5,10,28,"feature_4;feature_1;feature_2","feature_4",4.48450052460116
"linear",30,3,5,5,11,29,"feature_4;feature_1;feature_2","feature_4;feature_2",2.99430110422813
"tree",30,1,5,5,0,0,"feature_4",NA,3.04004783732586
"tree",30,2,5,5,0,0,"feature_4;feature_2",NA,3.04004783732586
"tree",30,3,5,5,0,0,"feature_4;feature_2;feature_1",NA,3.04004783732586
