"Model","Mean_Accuracy","Drift_Count","Batch","most_important","model","train_acc","overfit_gap","regularize"
"HDDM_A","0.7848207","2",10,"attribute2","rf","0.8882693","0.1110416","strong"
"HDDM_W","0.7891114","6",10,"attribute2","rf","0.8882693","0.1110416","strong"
"KSWIN","0.7937318","10",10,"attribute2","rf","0.8882693","0.1110416","strong"
"PageHinkley","0.7859739","3",10,"attribute2","rf","0.8882693","0.1110416","strong"
"DDM","0.7857266","3",10,"attribute2","rf","0.8882693","0.1110416","strong"
"EDDM","0.7937318","10",10,"attribute2","rf","0.8882693","0.1110416","strong"
"PDD_C","0.7922437","8",10,"attribute2","rf","0.8882693","0.1110416","strong"
"PDD_1","0.786143","4",10,"attribute2","rf","0.8882693","0.1110416","strong"
"PDD_2","0.7881213","6",10,"attribute2;attribute4","rf","0.8882693","0.1110416","strong"
"PDD_3","0.7913347","7",10,"attribute2;attribute4;attribute3","rf","0.8882693","0.1110416","strong"
"Base Test","0.7772277","0",10,"attribute2","rf","0.8882693","0.1110416","strong"
"Base Train","0.8882693","0",10,"attribute2","rf","0.8882693","0.1110416","strong"
"batch sizes","4842","1211",10,"attribute2","rf","0.8882693","0.1110416","strong"
"HDDM_A","0.06432884","1",10,"attribute8","logistic","0.07042544","-0.001356734","strong"
"HDDM_W","0.06382915","2",10,"attribute8","logistic","0.07042544","-0.001356734","strong"
"KSWIN","0.07109124","10",10,"attribute8","logistic","0.07042544","-0.001356734","strong"
"PageHinkley","0.06432884","0",10,"attribute8","logistic","0.07042544","-0.001356734","strong"
"DDM","0.06935611","2",10,"attribute8","logistic","0.07042544","-0.001356734","strong"
"EDDM","0.07109124","10",10,"attribute8","logistic","0.07042544","-0.001356734","strong"
"PDD_C","0.06523206","1",10,"attribute8","logistic","0.07042544","-0.001356734","strong"
"PDD_1","0.06778763","2",10,"attribute8","logistic","0.07042544","-0.001356734","strong"
"PDD_2","0.06836546","3",10,"attribute8;attribute2","logistic","0.07042544","-0.001356734","strong"
"PDD_3","0.06836546","3",10,"attribute8;attribute2;attribute1","logistic","0.07042544","-0.001356734","strong"
"Base Test","0.07178218","0",10,"attribute8","logistic","0.07042544","-0.001356734","strong"
"Base Train","0.07042544","0",10,"attribute8","logistic","0.07042544","-0.001356734","strong"
"batch sizes","4842","1211",10,"attribute8","logistic","0.07042544","-0.001356734","strong"
"HDDM_A","0.7283465","8",10,"attribute2","tree","0.7881041","0.03810409","strong"
"HDDM_W","0.7385049","10",10,"attribute2","tree","0.7881041","0.03810409","strong"
"KSWIN","0.7385049","10",10,"attribute2","tree","0.7881041","0.03810409","strong"
"PageHinkley","0.7402392","2",10,"attribute2","tree","0.7881041","0.03810409","strong"
"DDM","0.7422289","3",10,"attribute2","tree","0.7881041","0.03810409","strong"
"EDDM","0.7385049","10",10,"attribute2","tree","0.7881041","0.03810409","strong"
"PDD_C","0.7264384","2",10,"attribute2","tree","0.7881041","0.03810409","strong"
"PDD_1","0.7264384","2",10,"attribute2","tree","0.7881041","0.03810409","strong"
"PDD_2","0.7318214","2",10,"attribute2;attribute1","tree","0.7881041","0.03810409","strong"
"PDD_3","0.7400736","7",10,"attribute2;attribute1;attribute8","tree","0.7881041","0.03810409","strong"
"Base Test","0.75","0",10,"attribute2","tree","0.7881041","0.03810409","strong"
"Base Train","0.7881041","0",10,"attribute2","tree","0.7881041","0.03810409","strong"
"batch sizes","4842","1211",10,"attribute2","tree","0.7881041","0.03810409","strong"
"HDDM_A","0.7797436","3",20,"attribute4","rf","0.8932507","0.07044849","strong"
"HDDM_W","0.7881147","10",20,"attribute4","rf","0.8932507","0.07044849","strong"
"KSWIN","0.790159","19",20,"attribute4","rf","0.8932507","0.07044849","strong"
"PageHinkley","0.7803433","3",20,"attribute4","rf","0.8932507","0.07044849","strong"
"DDM","0.7918315","19",20,"attribute4","rf","0.8932507","0.07044849","strong"
"EDDM","0.7918315","20",20,"attribute4","rf","0.8932507","0.07044849","strong"
"PDD_C","0.7810255","5",20,"attribute4","rf","0.8932507","0.07044849","strong"
"PDD_1","0.7670924","0",20,"attribute4","rf","0.8932507","0.07044849","strong"
"PDD_2","0.7718395","5",20,"attribute4;attribute2","rf","0.8932507","0.07044849","strong"
"PDD_3","0.7718395","5",20,"attribute4;attribute2;attribute8","rf","0.8932507","0.07044849","strong"
"Base Test","0.8228022","0",20,"attribute4","rf","0.8932507","0.07044849","strong"
"Base Train","0.8932507","0",20,"attribute4","rf","0.8932507","0.07044849","strong"
"batch sizes","2904","727",20,"attribute4","rf","0.8932507","0.07044849","strong"
"HDDM_A","0.05757873","1",20,"attribute4","logistic","0.07128099","0.01358868","strong"
"HDDM_W","0.05514496","3",20,"attribute4","logistic","0.07128099","0.01358868","strong"
"KSWIN","0.06407123","15",20,"attribute4","logistic","0.07128099","0.01358868","strong"
"PageHinkley","0.05757873","0",20,"attribute4","logistic","0.07128099","0.01358868","strong"
"DDM","0.06187918","1",20,"attribute4","logistic","0.07128099","0.01358868","strong"
"EDDM","0.06134585","1",20,"attribute4","logistic","0.07128099","0.01358868","strong"
"PDD_C","0.06482787","2",20,"attribute4","logistic","0.07128099","0.01358868","strong"
"PDD_1","0.06036589","1",20,"attribute4","logistic","0.07128099","0.01358868","strong"
"PDD_2","0.05994805","2",20,"attribute4;attribute2","logistic","0.07128099","0.01358868","strong"
"PDD_3","0.06325511","2",20,"attribute4;attribute2;attribute8","logistic","0.07128099","0.01358868","strong"
"Base Test","0.05769231","0",20,"attribute4","logistic","0.07128099","0.01358868","strong"
"Base Train","0.07128099","0",20,"attribute4","logistic","0.07128099","0.01358868","strong"
"batch sizes","2904","727",20,"attribute4","logistic","0.07128099","0.01358868","strong"
"HDDM_A","0.7422352","6",20,"attribute2","tree","0.7933884","0.02965217","strong"
"HDDM_W","0.7388046","16",20,"attribute2","tree","0.7933884","0.02965217","strong"
"KSWIN","0.7329548","20",20,"attribute2","tree","0.7933884","0.02965217","strong"
"PageHinkley","0.7330511","2",20,"attribute2","tree","0.7933884","0.02965217","strong"
"DDM","0.7329548","20",20,"attribute2","tree","0.7933884","0.02965217","strong"
"EDDM","0.7329548","20",20,"attribute2","tree","0.7933884","0.02965217","strong"
"PDD_C","0.7359967","1",20,"attribute2","tree","0.7933884","0.02965217","strong"
"PDD_1","0.7355079","2",20,"attribute2","tree","0.7933884","0.02965217","strong"
"PDD_2","0.7355079","2",20,"attribute2;attribute1","tree","0.7933884","0.02965217","strong"
"PDD_3","0.7355079","2",20,"attribute2;attribute1;attribute7","tree","0.7933884","0.02965217","strong"
"Base Test","0.7637363","0",20,"attribute2","tree","0.7933884","0.02965217","strong"
"Base Train","0.7933884","0",20,"attribute2","tree","0.7933884","0.02965217","strong"
"batch sizes","2904","727",20,"attribute2","tree","0.7933884","0.02965217","strong"
"HDDM_A","0.7782387","4",30,"attribute4","rf","0.9050602","0.08198332","strong"
"HDDM_W","0.786714","11",30,"attribute4","rf","0.9050602","0.08198332","strong"
"KSWIN","0.79396","25",30,"attribute4","rf","0.9050602","0.08198332","strong"
"PageHinkley","0.7804164","3",30,"attribute4","rf","0.9050602","0.08198332","strong"
"DDM","0.7916536","10",30,"attribute4","rf","0.9050602","0.08198332","strong"
"EDDM","0.7965864","30",30,"attribute4","rf","0.9050602","0.08198332","strong"
"PDD_C","0.7688294","1",30,"attribute4","rf","0.9050602","0.08198332","strong"
"PDD_1","0.7688294","1",30,"attribute4","rf","0.9050602","0.08198332","strong"
"PDD_2","0.7907537","9",30,"attribute4;attribute2","rf","0.9050602","0.08198332","strong"
"PDD_3","0.7918415","18",30,"attribute4;attribute2;attribute8","rf","0.9050602","0.08198332","strong"
"Base Test","0.8230769","0",30,"attribute4","rf","0.9050602","0.08198332","strong"
"Base Train","0.9050602","0",30,"attribute4","rf","0.9050602","0.08198332","strong"
"batch sizes","2075","519",30,"attribute4","rf","0.9050602","0.08198332","strong"
"HDDM_A","0.05171832","1",30,"attribute2","logistic","0.07518072","0.03671918","strong"
"HDDM_W","0.05184217","3",30,"attribute2","logistic","0.07518072","0.03671918","strong"
"KSWIN","0.06004356","19",30,"attribute2","logistic","0.07518072","0.03671918","strong"
"PageHinkley","0.05171832","0",30,"attribute2","logistic","0.07518072","0.03671918","strong"
"DDM","0.05581342","1",30,"attribute2","logistic","0.07518072","0.03671918","strong"
"EDDM","0.0622355","4",30,"attribute2","logistic","0.07518072","0.03671918","strong"
"PDD_C","0.05555763","4",30,"attribute2","logistic","0.07518072","0.03671918","strong"
"PDD_1","0.05792942","4",30,"attribute2","logistic","0.07518072","0.03671918","strong"
"PDD_2","0.05914737","10",30,"attribute2;attribute8","logistic","0.07518072","0.03671918","strong"
"PDD_3","0.05914737","10",30,"attribute2;attribute8;attribute4","logistic","0.07518072","0.03671918","strong"
"Base Test","0.03846154","0",30,"attribute2","logistic","0.07518072","0.03671918","strong"
"Base Train","0.07518072","0",30,"attribute2","logistic","0.07518072","0.03671918","strong"
"batch sizes","2075","519",30,"attribute2","logistic","0.07518072","0.03671918","strong"
"HDDM_A","0.7426375","7",30,"attribute2","tree","0.793253","0.0105607","strong"
"HDDM_W","0.7409746","22",30,"attribute2","tree","0.793253","0.0105607","strong"
"KSWIN","0.7403585","30",30,"attribute2","tree","0.793253","0.0105607","strong"
"PageHinkley","0.733825","3",30,"attribute2","tree","0.793253","0.0105607","strong"
"DDM","0.7395569","21",30,"attribute2","tree","0.793253","0.0105607","strong"
"EDDM","0.7403585","30",30,"attribute2","tree","0.793253","0.0105607","strong"
"PDD_C","0.7352328","10",30,"attribute2","tree","0.793253","0.0105607","strong"
"PDD_1","0.7338468","3",30,"attribute2","tree","0.793253","0.0105607","strong"
"PDD_2","0.735206","4",30,"attribute2;attribute1","tree","0.793253","0.0105607","strong"
"PDD_3","0.735206","4",30,"attribute2;attribute1;attribute8","tree","0.793253","0.0105607","strong"
"Base Test","0.7826923","0",30,"attribute2","tree","0.793253","0.0105607","strong"
"Base Train","0.793253","0",30,"attribute2","tree","0.793253","0.0105607","strong"
"batch sizes","2075","519",30,"attribute2","tree","0.793253","0.0105607","strong"
