"model","Batch","top_k","regularize","update_no","batch_index","top_vars","drift_triggered_by","accuracy"
"rf",10,1,"strong",0,0,"V44",NA,0.970588235294118
"rf",10,1,"strong",1,1,"V56","V44",0.805882352941176
"rf",10,2,"strong",0,0,"V44;V38",NA,0.970588235294118
"rf",10,2,"strong",1,1,"V56;V39","V44;V38",0.805882352941176
"rf",10,3,"strong",0,0,"V44;V38;V54",NA,0.970588235294118
"rf",10,3,"strong",1,1,"V56;V39;V22","V44;V38;V54",0.805882352941176
"logistic",10,1,"strong",0,0,"V25",NA,0.0294117647058824
"logistic",10,1,"strong",1,4,"V25","V25",0.0176470588235294
"logistic",10,2,"strong",0,0,"V25;V6",NA,0.0294117647058824
"logistic",10,2,"strong",1,4,"V25;V39","V25",0.0176470588235294
"logistic",10,3,"strong",0,0,"V25;V6;V70",NA,0.0294117647058824
"logistic",10,3,"strong",1,4,"V25;V39;V65","V25",0.0176470588235294
"tree",10,1,"strong",0,0,"V33",NA,0.994117647058824
"tree",10,1,"strong",1,3,"V31","V33",0.9
"tree",10,2,"strong",0,0,"V33;V31",NA,0.994117647058824
"tree",10,2,"strong",1,1,"V42;V43","V31",0.764705882352941
"tree",10,3,"strong",0,0,"V33;V31;V32",NA,0.994117647058824
"tree",10,3,"strong",1,1,"V42;V43;V41","V31",0.764705882352941
"rf",20,1,"strong",0,0,"V61",NA,0.854368932038835
"rf",20,1,"strong",1,1,"V56","V61",0.699029126213592
"rf",20,1,"strong",2,3,"V37","V56",1
"rf",20,1,"strong",3,15,"V54","V37",0.776699029126214
"rf",20,2,"strong",0,0,"V61;V56",NA,0.854368932038835
"rf",20,2,"strong",1,1,"V56;V2","V61",0.699029126213592
"rf",20,2,"strong",2,3,"V37;V54","V56",1
"rf",20,2,"strong",3,5,"V38;V54","V54",0.689320388349515
"rf",20,2,"strong",4,10,"V38;V54","V54",1
"rf",20,2,"strong",5,15,"V56;V54","V38",0.766990291262136
"rf",20,2,"strong",6,17,"V37;V38","V56",1
"rf",20,2,"strong",7,20,"V39;V40","V37",1
"rf",20,3,"strong",0,0,"V61;V56;V42",NA,0.854368932038835
"rf",20,3,"strong",1,1,"V56;V2;V61","V61;V42",0.699029126213592
"rf",20,3,"strong",2,3,"V37;V54;V56","V56;V61",1
"rf",20,3,"strong",3,4,"V37;V56;V34","V56",0.805825242718447
"rf",20,3,"strong",4,5,"V56;V3;V37","V34",0.718446601941748
"rf",20,3,"strong",5,6,"V22;V56;V37","V3;V37",1
"rf",20,3,"strong",6,10,"V36;V40;V45","V22;V56",1
"rf",20,3,"strong",7,15,"V39;V51;V56","V36;V40;V45",0.796116504854369
"rf",20,3,"strong",8,17,"V38;V41;V22","V51;V56",1
"rf",20,3,"strong",9,19,"V38;V42;V39","V38;V41;V22",0.747572815533981
"rf",20,3,"strong",10,20,"V37;V56;V39","V42",0.989010989010989
"logistic",20,1,"strong",0,0,"V19",NA,0.174757281553398
"logistic",20,1,"strong",1,2,"V25","V19",0.155339805825243
"logistic",20,1,"strong",2,6,"V25","V25",0.00970873786407767
"logistic",20,1,"strong",3,7,"V25","V25",0.00970873786407767
"logistic",20,1,"strong",4,10,"V25","V25",0
"logistic",20,1,"strong",5,14,"V25","V25",0.0485436893203883
"logistic",20,1,"strong",6,20,"V25","V25",0.010989010989011
"logistic",20,2,"strong",0,0,"V19;V45",NA,0.174757281553398
"logistic",20,2,"strong",1,1,"V25;V39","V45",0.106796116504854
"logistic",20,2,"strong",2,5,"V39;V40","V39",0.0970873786407767
"logistic",20,2,"strong",3,6,"V39;V40","V39",0.00970873786407767
"logistic",20,2,"strong",4,8,"V39;V40","V40",0.0485436893203883
"logistic",20,2,"strong",5,10,"V39;V40","V40",0
"logistic",20,2,"strong",6,11,"V38;V40","V40",0.0194174757281553
"logistic",20,2,"strong",7,14,"V38;V40","V40",0.029126213592233
"logistic",20,2,"strong",8,15,"V40;V39","V38;V40",0.0388349514563107
"logistic",20,2,"strong",9,19,"V40;V38","V40",0.0388349514563107
"logistic",20,2,"strong",10,20,"V40;V56","V38",0
"logistic",20,3,"strong",0,0,"V19;V45;V3",NA,0.174757281553398
"logistic",20,3,"strong",1,1,"V25;V39;V40","V45;V3",0.106796116504854
"logistic",20,3,"strong",2,5,"V39;V40;V38","V39;V40",0.0970873786407767
"logistic",20,3,"strong",3,6,"V39;V40;V38","V39",0.00970873786407767
"logistic",20,3,"strong",4,8,"V39;V40;V38","V40",0.0485436893203883
"logistic",20,3,"strong",5,10,"V39;V40;V38","V40;V38",0
"logistic",20,3,"strong",6,11,"V38;V40;V39","V40",0.0194174757281553
"logistic",20,3,"strong",7,14,"V38;V40;V39","V40",0.029126213592233
"logistic",20,3,"strong",8,15,"V40;V39;V38","V38;V40",0.0388349514563107
"logistic",20,3,"strong",9,19,"V40;V38;V13","V40",0.0388349514563107
"logistic",20,3,"strong",10,20,"V40;V56;V13","V38",0
"rf",30,1,"strong",0,0,"V61",NA,0.959459459459459
"rf",30,1,"strong",1,1,"V61","V61",0.972972972972973
"rf",30,1,"strong",2,2,"V40","V61",0.824324324324324
"rf",30,1,"strong",3,3,"V54","V40",0.743243243243243
"rf",30,1,"strong",4,6,"V39","V54",1
"rf",30,1,"strong",5,7,"V2","V39",0.851351351351351
"rf",30,1,"strong",6,9,"V56","V2",0.72972972972973
"rf",30,1,"strong",7,10,"V37","V56",1
"rf",30,1,"strong",8,14,"V43","V37",0.891891891891892
"rf",30,1,"strong",9,15,"V22","V43",0.972972972972973
"rf",30,1,"strong",10,16,"V42","V22",1
"rf",30,1,"strong",11,18,"V54","V42",0.905405405405405
"rf",30,1,"strong",12,23,"V42","V54",0.864864864864865
"rf",30,1,"strong",13,24,"V39","V42",0.905405405405405
"rf",30,1,"strong",14,25,"V42","V39",1
"rf",30,1,"strong",15,29,"V41","V42",0.824324324324324
"rf",30,1,"strong",16,30,"V42","V41",1
"rf",30,2,"strong",0,0,"V61;V33",NA,0.959459459459459
"rf",30,2,"strong",1,1,"V61;V41","V61",0.972972972972973
"rf",30,2,"strong",2,2,"V40;V43","V61",0.824324324324324
"rf",30,2,"strong",3,3,"V54;V22","V40",0.743243243243243
"rf",30,2,"strong",4,5,"V61;V39","V22",0.986486486486487
"rf",30,2,"strong",5,6,"V38;V54","V61;V39",1
"rf",30,2,"strong",6,13,"V39;V41","V54",0.824324324324324
"rf",30,2,"strong",7,14,"V34;V37","V41",0.851351351351351
"rf",30,2,"strong",8,15,"V40;V56","V37",0.972972972972973
"rf",30,2,"strong",9,16,"V41;V42","V40;V56",1
"rf",30,2,"strong",10,17,"V41;V56","V41;V42",0.905405405405405
"rf",30,2,"strong",11,18,"V44;V51","V41;V56",0.851351351351351
"rf",30,2,"strong",12,22,"V56;V42","V44",0.878378378378378
"rf",30,2,"strong",13,23,"V56;V38","V42",0.891891891891892
"rf",30,2,"strong",14,24,"V41;V59","V38",0.891891891891892
"rf",30,2,"strong",15,25,"V44;V38","V41;V59",1
"rf",30,2,"strong",16,26,"V41;V43","V44",1
"rf",30,2,"strong",17,28,"V40;V37","V41;V43",0.891891891891892
"rf",30,2,"strong",18,29,"V40;V38","V40;V37",0.851351351351351
"rf",30,2,"strong",19,30,"V39;V59","V40",1
"rf",30,3,"strong",0,0,"V61;V33;V39",NA,0.959459459459459
"rf",30,3,"strong",1,1,"V61;V41;V56","V61",0.972972972972973
"rf",30,3,"strong",2,2,"V40;V43;V38","V61",0.824324324324324
"rf",30,3,"strong",3,3,"V54;V22;V61","V40",0.743243243243243
"rf",30,3,"strong",4,5,"V61;V39;V43","V22",0.986486486486487
"rf",30,3,"strong",5,6,"V38;V54;V2","V61;V39;V43",1
"rf",30,3,"strong",6,9,"V54;V43;V39","V2",0.756756756756757
"rf",30,3,"strong",7,10,"V41;V44;V54","V54;V43",1
"rf",30,3,"strong",8,11,"V44;V38;V56","V44",0.986486486486487
"rf",30,3,"strong",9,13,"V43;V56;V41","V44",0.783783783783784
"rf",30,3,"strong",10,14,"V42;V40;V54","V41",0.878378378378378
"rf",30,3,"strong",11,15,"V43;V56;V42","V42;V40;V54",0.972972972972973
"rf",30,3,"strong",12,16,"V41;V56;V42","V43;V56;V42",1
"rf",30,3,"strong",13,21,"V38;V56;V42","V56",0.986486486486487
"rf",30,3,"strong",14,22,"V56;V39;V23","V38;V56;V42",0.837837837837838
"rf",30,3,"strong",15,23,"V40;V42;V56","V56;V39;V23",0.851351351351351
"rf",30,3,"strong",16,24,"V40;V56;V42","V40;V42",0.851351351351351
"rf",30,3,"strong",17,25,"V42;V41;V22","V40;V56;V42",1
"rf",30,3,"strong",18,26,"V43;V42;V41","V42;V41;V22",1
"rf",30,3,"strong",19,27,"V42;V43;V40","V42",0.972972972972973
"rf",30,3,"strong",20,28,"V41;V56;V40","V42;V43;V40",0.891891891891892
"rf",30,3,"strong",21,29,"V42;V39;V44","V41;V40",0.864864864864865
"rf",30,3,"strong",22,30,"V43;V42;V51","V42;V39;V44",1
"logistic",30,1,"strong",0,0,"V19",NA,0.0945945945945946
"logistic",30,1,"strong",1,2,"V40","V19",0.202702702702703
"logistic",30,1,"strong",2,3,"V40","V40",0.027027027027027
"logistic",30,1,"strong",3,5,"V5","V40",0.189189189189189
"logistic",30,1,"strong",4,10,"V45","V5",0.0135135135135135
"logistic",30,1,"strong",5,11,"V72","V45",0.027027027027027
"logistic",30,1,"strong",6,26,"V5","V72",0
"logistic",30,1,"strong",7,28,"V45","V5",0.0540540540540541
"logistic",30,2,"strong",0,0,"V19;V44",NA,0.0945945945945946
"logistic",30,2,"strong",1,2,"V40;V5","V19;V44",0.202702702702703
"logistic",30,2,"strong",2,3,"V40;V61","V40",0.027027027027027
"logistic",30,2,"strong",3,5,"V5;V18","V40",0.189189189189189
"logistic",30,2,"strong",4,6,"V36;V4","V18",0.027027027027027
"logistic",30,2,"strong",5,7,"V24;V5","V36",0.0945945945945946
"logistic",30,2,"strong",6,10,"V24;V5","V24",0.0135135135135135
"logistic",30,2,"strong",7,11,"V24;V5","V24;V5",0
"logistic",30,2,"strong",8,14,"V65;V24","V24;V5",0.108108108108108
"logistic",30,2,"strong",9,15,"V65;V48","V24",0
"logistic",30,2,"strong",10,16,"V65;V48","V65",0
"logistic",30,2,"strong",11,19,"V48;V65","V65",0
"logistic",30,2,"strong",12,20,"V65;V48","V65",0.0135135135135135
"logistic",30,2,"strong",13,23,"V48;V57","V48",0.0540540540540541
"logistic",30,2,"strong",14,25,"V48;V57","V57",0.0135135135135135
"logistic",30,2,"strong",15,26,"V48;V57","V57",0.027027027027027
"logistic",30,2,"strong",16,27,"V48;V57","V48",0.0405405405405405
"logistic",30,2,"strong",17,29,"V70;V65","V48",0.0540540540540541
"logistic",30,3,"strong",0,0,"V19;V44;V4",NA,0.0945945945945946
"logistic",30,3,"strong",1,1,"V3;V45;V61","V4",0.108108108108108
"logistic",30,3,"strong",2,3,"V40;V9;V5","V3",0.0945945945945946
"logistic",30,3,"strong",3,4,"V25;V40;V6","V9",0.216216216216216
"logistic",30,3,"strong",4,6,"V25;V40;V6","V6",0.0135135135135135
"logistic",30,3,"strong",5,7,"V25;V40;V39","V40",0.148648648648649
"logistic",30,3,"strong",6,9,"V40;V34;V39","V40;V39",0.0540540540540541
"logistic",30,3,"strong",7,13,"V34;V40;V25","V40",0.0405405405405405
"logistic",30,3,"strong",8,16,"V34;V25;V40","V25",0
"logistic",30,3,"strong",9,18,"V34;V40;V25","V40",0.0405405405405405
"logistic",30,3,"strong",10,23,"V34;V25;V40","V40",0.0675675675675676
"logistic",30,3,"strong",11,25,"V34;V17;V20","V34;V25;V40",0.0135135135135135
"logistic",30,3,"strong",12,30,"V34;V17;V20","V34;V20",0
